[{
    "_id": {
      "$oid": "5968dd23fc13ae04d9000001"
    },
    "product_name": "laptop",
    "supplier": "Wisozk Inc",
    "quantity": 261,
    "unit_cost": "$1000.47"
  }, {
    "_id": {
      "$oid": "5968dd23fc13ae04d9000002"
    },
    "product_name": "cam coder",
    "supplier": "Keebler-Hilpert",
    "quantity": 292,
    "unit_cost": "$98.74"
  }, {
    "_id": {
      "$oid": "5968dd23fc13ae04d9000003"
    },
    "product_name": "Projector",
    "supplier": "Schmitt-Weissnat",
    "quantity": 211,
    "unit_cost": "$200.53"
  }, {
    "_id": {
      "$oid": "5968dd23fc13ae04d9000003"
    },
    "product_name": "Presentator",
    "supplier": "Schmitt-Weissnat",
    "quantity": 211,
    "unit_cost": "$15.53"
  }, {
    "_id": {
      "$oid": "5968dd23fc13ae04d9000003"
    },
    "product_name": "keyboaRd",
    "supplier": "Schmitt-Weissnat",
    "quantity": 211,
    "unit_cost": "$20.53"
  }, {
    "_id": {
      "$oid": "5968dd23fc13ae04d9000003"
    },
    "product_name": "MOniTor",
    "supplier": "Schmitt-Weissnat",
    "quantity": 211,
    "unit_cost": "$30.53"
  }]
  